email,fullName
alice.tan@unibee.com,Alice Tan Wei Ling
ben.lim@unibee.com,Ben Lim Jun Hao
chloe.ng@unibee.com,Chloe Ng Hui Xuan
daniel.lee@unibee.com,Daniel Lee Zhi Wei
elaine.wong@unibee.com,Elaine Wong Mei Ling
faris.hassan@unibee.com,Faris Hassan
grace.tan@unibee.com,Grace Tan Jia Yi
henry.goh@unibee.com,Henry Goh Kai Ming
irene.tan@unibee.com,Irene Tan Pei Shan
jason.chew@unibee.com,Jason Chew Wei Jie
karen.lim@unibee.com,Karen Lim Xin Yi
liam.teo@unibee.com,Liam Teo Jun Kai
may.ng@unibee.com,May Ng Li Ting
nathan.koh@unibee.com,Nathan Koh Wei Ming
olivia.tan@unibee.com,Olivia Tan Zi Xuan
peter.wong@unibee.com,Peter Wong Chun Hong
queenie.lim@unibee.com,Queenie Lim Hui Min
ryan.tan@unibee.com,Ryan Tan Kai En
sophia.lee@unibee.com,Sophia Lee Jia Xuan
tommy.goh@unibee.com,Tommy Goh Wei Jian
ursula.ng@unibee.com,Ursula Ng Xin Hui
victor.tan@unibee.com,Victor Tan Jun Wei
wendy.chew@unibee.com,Wendy Chew Mei Xuan
xavier.lim@unibee.com,Xavier Lim Zhi Hao
yuki.tan@unibee.com,Yuki Tan Hui Ling