fullName,email,password
Course Coordinator 1,coordinator1@example.com,Coord@123
Course Coordinator 2,coordinator2@example.com,Coord@123
Course Coordinator 3,coordinator3@example.com,Coord@123
Course Coordinator 4,coordinator4@example.com,Coord@123
Course Coordinator 5,coordinator5@example.com,Coord@123
Course Coordinator 6,coordinator6@example.com,Coord@123
Course Coordinator 7,coordinator7@example.com,Coord@123
Course Coordinator 8,coordinator8@example.com,Coord@123
Course Coordinator 9,coordinator9@example.com,Coord@123
Course Coordinator 10,coordinator10@example.com,Coord@123